{"playerSpeed":3.0999999046325685,"wormsSpeed":3.0799999237060549,"golemSpeed":1.75,"blackmanSpeed":5.070000171661377,"skeletonSpeed":3.070000171661377,"flameSpeed":8.670000076293945,"spiderSpeed":2.7999999523162842}