{"playerSpeed":2.0999999046325685,"wormsSpeed":3.0799999237060549,"golemSpeed":1.75,"blackmanSpeed":5.070000171661377,"skeletonSpeed":5.070000171661377,"flameSpeed":6.670000076293945,"spiderSpeed":1.7999999523162842}