{
  "playerSpeed": 3.4,
  "wormsSpeed": 3.0799999237060549,
  "golemSpeed": 1.75,
  "blackmanSpeed": 5.070000171661377,
  "skeletonSpeed": 2.070000171661377,
  "flameSpeed": 8.670000076293946,
  "spiderSpeed":2.799999952316284
}